Q_code,latitude,longitude
Q30,39.828175,-98.5795
Q797,64,-150
Q782,21.3075,-157.8575
Q11703,18.333333,-64.833333
Q1183,18.25,-66.5
Q1439,31,-100
Q223,72,-40
Q4628,61.969944444444,-6.8444805555556
Q16,56,-109
Q2003,53,-60
Q23635,32.333333,-64.75
Q778,23.7,-76.4
Q241,22,-79.5
Q790,19,-72.8
Q786,18.8,-70.2
Q652560,10.6833,-61.6333
Q766,18.18,-77.4
Q754,10.666666666667,-61.516666666667
Q244,13.17,-59.5525
Q784,15.416667,-61.333333
Q769,12.116667,-61.666667
Q760,13.883333,-61
Q757,13.166666666667,-61.233333333333
Q781,17.116666666667,-61.85
Q13353,16.75,-62.2
Q763,17.33,-62.666667
Q17012,16.25,-61.583333333333
Q17054,14.666666666667,-61
Q25227,15,-66
Q96,23,-102
Q242,17.066666666667,-88.7
Q190025,14.616666666667,-90.516666666667
Q774,15.5,-90.25
Q783,14.633333,-86.816667
Q792,13.668889,-88.866111
Q811,13,-85
Q800,10,-84
Q804,8.616667,-80.366667
Q498979,9.1176694444444,-79.720166666667
Q739,4,-74
Q717,8,-67
Q734,5.733333,-59.316667
Q730,4,-56
Q3769,3.99886,-52.99994
Q736,-1,-78
Q419,-9.4,-76
Q899706,0,0
Q155,-14,-53
Q750,-17.056869611111,-64.991228611111
Q733,-23.5,-58
Q298,-33,-71
Q414,-34,-64
Q77,-32.733333333333,-56.65
Q145,54.6,-2
Q27,53,-8
Q55,52.316666666667,5.55
Q31,50.641111111111,4.6680555555556
Q32,49.77,6.13
Q142,47,2
Q235,43.733333333333,7.4166666666667
Q347,47.145,9.553889
Q39,46.798562,8.231973
Q29,40.2,-3.5
Q1410,36.13775,-5.3453611111111
Q228,42.558333333333,1.5552777777778
Q45,38.7,-9.1833333333333
Q27306,53,14
Q1715,52.374444444444,9.7386111111111
Q278874,51.82138,12.24233
Q264970,51.75,11.966667
Q686965,51.793611,11.7425
Q326029,52.269167,10.521111
Q980,48.7775,11.431111111111
Q1209,53.347266666667,8.5913
Q1794,50.113611111111,8.6797222222222
Q1055,53.55,10
Q16550783,0,0
Q673865,0,0
Q157013,48.083333333333336,9.216666666666667
Q14551680,51.93609,8.877296
Q161215,0,0
Q836680,0,0
Q183,51,10
Q1201,49.37715,6.8783777777778
Q693669,53.14388888888889,8.213888888888889
Q531783,0,0
Q639100,0,0
Q713750,50.733888888889,7.0997222222222
Q315667,0,0
Q158151,50.985,12.433333
Q675085,0,0
Q3462133,0,0
Q16957,52.052,12.389
Q157710,0,0
Q186320,49.01666667,8.4
Q630163,0,0
Q1202,51.026944444444,13.358888888889
Q695316,0,0
Q159631,0,0
Q165763,50.9125,11.782778
Q529605,51.30833333,9.5
Q310650,0,0
Q20135,49.8667,8.65
Q2843,53.869722222222,10.686388888889
Q158445,53.63333333333333,11.416666666666666
Q109057,53.61265,12.4296
Q1196,53.616666666667,12.7
Q36,52,19
Q1792,54.366666666667,18.633333333333
Q28513,48.2,16.35
Q40,48,14
Q28,47,19
Q33946,50.083333333333,14.416666666667
Q213,50,16
Q214,49,20
Q2577303,0,0
Q38,42.5,12.5
Q546,45.65027777777778,13.770277777777778
Q237,41.904,12.453
Q237,41.904,12.453
Q180393,40.83333333,14.25
Q238,43.933333333333,12.466666666667
Q252580,0,0
Q2683,44.801472222222,10.328
Q13373,43.85,10.516666666667
Q1273,43.35,11.016666666667
Q233,35.883333333333,14.5
Q222,41,20
Q236,42.766667,19.216667
Q403,43.95,20.933333333333
Q240592,42,21.43333333
Q224,45.25,15.466667
Q241748,44.81666666667,20.46666666667
Q225,44,18
Q1246,42.55,20.833333333333
Q215,46,15
Q41,38.5,23
Q34374,35.309722222222,24.893333333333
Q229,35,33
Q219,42.75,25.5
Q217,47.25,28.516667
Q218,46,25
Q159,66.41666666666667,94.25
Q191,59,26
Q211,57,25
Q37,55.2,24
Q212,49,32
Q184,53.528333333333,28.046666666667
Q399,40.383333,44.95
Q230,42.016669444444,43.733330555556
Q227,40.3,47.7
Q330756,41.717,44.783
Q33,65,27
Q1148929,43.31666667,45.68333333
Q34,61,15
Q20,65,11
Q35,56,10
Q189,65,-19
Q458,50.116944444444,9.2477777777778
Q25263,38.5,-28
Q26253,32.75,-17
Q1011,15.916666666667,-24.083333333333
Q1039,0.316667,6.6
Q2002279,12.010492,-15.084866
Q5813,28.536,-15.749
Q1232509,1.5833333333333,10.35
Q845368,1.5,10.5
Q205022,3.5,8.7
Q1005,13.5,-15.5
Q210682,14.492626,-5.660918
Q216632,14.459888888888889,-12.206694444444445
Q1271523,12.645833333333,-7.9922222222222
Q1041,14.366667,-14.283333
Q962,8.8333333333333,2.1833333333333
Q1025,21,-11
Q1032,17,10
Q1008,8,-6
Q4394393,0,0
Q965,12.266667,-2.066667
Q1014,6.533333,-9.75
Q1044,8.5,-12.1
Q117,8,-0.5
Q161062,6.272,1.187
Q797214,0,0
Q797527,6.39527778,0.47027778
Q668294,4.0369,9.6858
Q1028848,3.866419,11.520563
Q1028835,4.166667,9.233333
Q1033,9,8
Q271894,-4.26666667,15.28333333
Q1000,-0.68333055555556,11.5
Q929,6.7,20.9
Q657,15.466667,19.4
Q265319,-1,16
Q974,-2.88,23.656
Q1036,1.28,32.39
Q876185,-4.05,39.666666666666664
Q153963,-6.8324,39.2672
Q1774,-6.1333333333333,39.316666666667
Q590743,0,0
Q967,-3.666667,29.816667
Q1037,-1.9402777777778,29.873888888889
Q1045,6,47
Q34754,9.8,46.2
Q977,11.8,42.433333
Q115,9,40
Q986,15.483333,38.25
Q916,-12.35,17.35
Q1029,-19,35
Q654342,-17.863889,31.029722
Q953,-14,28
Q954,-19,30
Q1020,-13,34
Q258,-29,24
Q370736,-33,18
Q1301901,0,0
Q190959,-25,30
Q1142179,-29.1,26.216666666667
Q639691,0,0
Q466551,-31,29
Q158236,-25.8,25.55
Q848668,0,0
Q379042,-32.849444,27.438056
Q2340665,-29.51666667,27.8
Q963,-22.2,23.7
Q1050,-26.483333,31.433333
Q1019,-20,47
Q970,-12.23333,44.44553
Q17070,-21.114444444444,55.5325
Q1027,-20.2,57.5
Q1042,-7.1,52.766667
Q1028,32,-6
Q126148,35.776666666666664,-5.803888888888888
Q457242,35,-4.5
Q763141,29.366666666667,-10.183333333333
Q40362,25,-13
Q1191986,0,0
Q262,28,1
Q948,34,10
Q7252591,0,0
Q541455,15.633055555556,32.533055555556
Q958,7,30
Q794,32,53
Q43,39,36
Q796,33,43
Q79,27,29
Q858,35.216667,38.583333
Q822,33.833333,35.766667
Q1121819,31.01666667,36.61666667
Q219060,32,35.25
Q801,31,35
Q851,23.716667,44.116667
Q956357,21.4225,39.82611111
Q779855,19,43
Q4702167,25.383333333333,49.6
Q5362837,27.516667,41.683333
Q1998401,15.354722222222,44.206666666667
Q199841,12.8,45.033333333333
Q199841,12.8,45.033333333333
Q131694,12.8,45.033333333333
Q1865132,0,0
Q817,29.166667,47.6
Q398,26.0675,50.551111
Q846,25.269535,51.212767
Q1852345,23.783333333333,54
Q842,21,57
Q889,34,66
Q874,39,60
Q863,38.583333,71.366667
Q813,41,75
Q265,41,66
Q232,48,68
Q148,35.844722222222224,103.45194444444445
Q30623,43.883333333333,125.31666666667
Q711,47,104
Q865,24,121
Q8646,22.278333333333,114.15861111111
Q14773,22.166666666667,113.55
Q28179,37.533333333333,126.98333333333
Q423,40,127
Q884,36,128
Q61292,51.83333333,107.6
Q17,35,136
Q10905515,26.332807,127.749023
Q668,22.8,83
Q646374,0,0
Q323904,0,0
Q917,27.45,90.5
Q3960459,27.55,88.5
Q843,30,71
Q902,24.016667,89.866667
Q836,22,96
Q854,7,81
Q17044696,3.25,73
Q837,28,84
Q869,14,101
Q185682,21.033333333333,105.85
Q424,12.6,105
Q819,18.2,104
Q881,16,108
Q172640,21.033333,105.85
Q180573,10.75,106.66666666667
Q833,3,108
Q1400154,3.1597222222222,101.7
Q179029,5.25,117
Q170462,3.03805556,113.78111111
Q376178,1.3666666666667,103.8
Q334,1.3,103.8
Q921,4.4,114.566667
Q928,12,123
Q188161,-2,118
Q941881,-2.533333333333333,140.71666666666667
Q142965,-8.55,125.583333
Q408,-28,137
Q3224,-32,147
Q3206,-26,121
Q35715,-30,135
Q36687,-37,144
Q36074,-20,143
Q34366,-42,147
Q691,-6.3,147
Q5095,-4,138
Q691017,-6.83,146.67
Q664,-41.2,174
Q26988,-21.233333333333334,-159.78333333333333
Q33788,-21.25,165.3
Q752431,-16.633333333333,168.01666666667
Q685,-9.4666666666667,159.81666666667
Q1050859,1.26,173.02
Q710,1.4666666666667,173.03333333333
Q672,-7.475,178.005556
Q712,-18,178
Q678,-20.587778,-174.810278
Q30971,-17.533333333333335,-149.56666666666666
Q697,-0.53333333333333,166.93333333333
Q129237,10.5,152
Q709,7.1166666666667,171.06666666667
Q16644,16.705,145.78
Q16635,13.5,144.8
Q695,7.466667,134.55
Q702,6.9166666666667,158.18333333333
Q683,-14,-172
Q16641,-14.295833,-170.7075
Q214102,0,0
Q81931,0,0
Q119285,52,-174
Q1454,35.5,-80
Q1370,37.5,-79
Q1509,36,-86
Q1612,34.8,-92.2
Q812,28.133333333333,-81.631666666667
Q7566712,0,0
Q1428,33,-83.5
Q173,32.7,-86.7
Q1494,33,-90
Q1588,31,-92
Q17557,38.293611111111,-122.45333333333
Q14708404,35.85222222,-94.99077778
Q824,43.935833,-120.575
Q14205239,66.7,-36.5
Q5393217,48.54388889,-58.55333333
Q738395,57,-92.3
Q1935888,48.5333,-123.083
Q188489,46.166666666667,-60.75
Q1952,45,-63
Q1965,46.6,-66
Q1979,46.25,-63
Q176,52,-72
Q1904,50,-85
Q1974,54.5,-124.5
Q24639,49.26083333333333,-123.1138888888889
Q34617,46.825,-56.275
Q23635,32.333333,-64.75
Q1540098,22.375833333333,-72.908333333333
Q18221,21.78,-71.8
Q5785,19.5,-80.5
Q1998931,64.517033,-121.83484
Q1948,55,-97
Q1951,55,-115
Q1989,55,-106
Q380307,56,-61
Q208035,19.9,-75.15
Q1472105,0,0
Q25359,18.402777777778,-75.0125
Q185111,11.25,-60.667
,0,0
,0,0
Q2660774,13.25,-61.2
Q953557,14.066666666667,-60.933333333333
Q238752,17.616666666667,-61.8
Q316390,17.083333333333,-61.8
Q25305,18.5,-64.5
Q25228,18.227222222222,-63.048888888889
Q1796551,17.083333333333332,-61.8
Q25362,17.897728,-62.8342438
Q25279,12.166666666667,-68.966666666667
Q25396,12.183333333333,-68.25
Q25528,17.6325,-63.2375
Q26180,17.483333333333,-62.966666666667
Q21203,12.51106253,-69.97422388
Q170603,0,0
Q60176,20.833333333333,-89
Q849318,18.821389,-112.763889
Q26273,18.031944444444,-63.067777777778
Q3277444,18.0167,-63.0333
Q204989,17.319722,-62.747222
Q207794,17.15,-62.583333333333
Q126125,18.075277777778,-63.06
Q1165546,13.379,-83.584
Q3593570,16.333333333333,-86.5
Q1547671,17.410555555556,-83.921944444444
Q21111,12.166666666667,-83.033333333333
Q215081,5.5280555555556,-87.061111111111
Q498979,9.1176694444444,-79.720166666667
Q559484,14.316666666667,-81.166666666667
Q950869,13.533333333333,-80.05
Q1814365,14.333333333333,-80.333333333333
Q1169008,15.833333333333,-79.833333333333
Q26855,12.55,-81.716666666667
Q750683,4.0027777777778,-81.608888888889
Q790669,15.683333333333,-63.616666666667
Q1333912,6.4983333333333,-58.253888888889
Q5255160,6.8121,-58.1701
Q675322,6.23369,-57.543
Q211435,0,0
,0,0
Q14452,-27.119444444444,-109.35472222222
Q156325,-33.641388888889,-78.841111111111
Q1160526,-26.32,-80
Q118821,-26.4721,-105.36257
Q2176,-38.9,-72.666666666667
Q210551,-34.666667,-58.4
Q1486,-34.599722222222,-58.381944444444
Q44210,-31.416666666667,-64.183333333333
Q9648,-51.75,-59
Q1137202,-54.316666666667,-36.65
Q35086,-54.25,-36.75
Q44805,-30.87,-68.98
Q44758,-28.66,-57.63
Q719903,-34.1825,-58.25
Q1663537,3,-53
Q38095,-0.66666666666667,-90.55
Q1073664,-13.64,-76.4
Q40030,-29.76,-53.16
Q2413855,-28.4667,-48.7667
Q40780,-9.04787,-70.5265
Q241357,0.91694444444444,-29.345833333333
Q241478,-20.516666666667,-29.083333333333
Q206137,57.596277777778,-13.687305555556
Q324812,51.18,-4.67
Q2450821,0,0
Q151938,50.730277777778,6.0133333333333
Q155144,48.67,7
Q3559284,0,0
Q492380,53.375833333333,10.558888888889
Q26167,55.166666666667,9.25
Q111224,54.1667,9.66667
Q3038,54.1825,7.8852777777778
Q12738,46.983333333333,6.7833333333333
Q31487,50.061388888889,19.937222222222
Q2473841,36.154933,-5.348363
Q373767,43.342778,-1.7655
Q1637,53.487222222222,10.210277777778
,0,0
,0,0
,0,0
,0,0
Q1208,52.361944444444,13.008055555556
Q1194,54.470038,9.51416
Q152243,50.276989,6.860735
Q151993,51.5,7.5
Q1205,51,11
Q56036,52.53333333,13.16666667
Q1199,50.60802777777778,9.028472222222222
Q1197,52.756111111111,9.3930555555556
Q1198,51.466666666667,7.55
Q1200,49.913056,7.449722
Q985,48.537777777778,9.0411111111111
Q281005,0,0
,0,0
Q38981,47.243611111111,9.8938888888889
Q42880,47.266666666667,11.4
Q490,45.466944444444,9.19
Q4948,45.583,12.683
Q3415,43.616666666667,13.516666666667
Q1460,37.599958333333,14.015377777778
Q950644,48.43333333333333,23.066666666666666
Q306696,45.633333333333,13.8
Q190353,41.90541,12.48061
Q653394,42.066666666667,19.5
Q733645,40.5,19.283333333333
Q1647,45.327222222222225,14.44111111111111
Q3370,44.116666666667,15.216666666667
Q170295,38.5,20.5
Q121378,39.623888888889,19.82
Q23681,35.180975,33.363474
Q131555,36.373,27.218
Q183199,39.66361111111111,20.852222222222224
Q37362,34.583333333333,32.983333333333
Q212096,36.145,29.585
Q217,47.25,28.516667
Q171393,44.416666666667,26.1
Q776965,55.7075,21.142777777778
Q1343485,60.47861111,30.09111111
Q25475,41.645833333333,41.641666666667
Q5118,43.1,46.883333333333
Q284506,39.2,45.4
Q1639475,42.81666667,47.11666667
Q1474150,59.983333333333,24.433333333333
Q5689,60.25,20
Q216790,59.823611111111,22.968055555556
Q45328,42.762777777778,10.239444444444
Q25231,78.15706,15.86426
Q14056,70.983333333333,-8.5333333333333
Q211853,44.0425,16.199166666667
Q11196,44.75,17.316666666667
Q188736,43.86666667,18.41666667
Q189863,43.476944444444,17.815
Q202453,43.15,20.516666666667
Q3512355,0,0
Q1192701,41.1,25.41666667
Q130321,40.157222222222,24.326388888889
,0,0
Q156882,37.75,26.8333
Q192483,39.916666666667,25.25
Q116970,0,0
Q459780,42.14333333333333,24.74888888888889
Q907112,46.84222222222222,29.624444444444446
Q164819,46.316389,28.666389
,0,0
Q3734,44.65,40
Q5971,50.916666666667,86.916666666667
Q5710,54.466666666667,56.266666666667
Q6809,53.8,109.33333333333
Q1914,63.816666666667,33
Q1729457,49.91,27.13
Q965661,0,0
Q2453974,47.4167,40.1
Q1874,46.47747,30.73262
Q756294,44.9333,34.1
Q16912926,48.0028,37.8053
Q43070,48.008888888889,37.804166666667
Q134279,48.583333333333,39.333333333333
Q244165,39.866666666667,46.716666666667
Q23334,43.15,41
Q23427,42.233333333333,43.966666666667
Q45693,41.65,42
Q5187,43.4,45.716694444444
Q5219,43.166666666667,44.816666666667
Q2742785,69.059726851852,20.544430555556
Q769680,55.125,14.916666666667
Q210636,1.6166666666667,7.4
Q1002807,12.2780115,-16.1649709
Q3739,11.859166666667,-15.595555555556
Q853991,12.25,-15.25
Q34497,-15.95,-5.7166666666667
Q222213,-15.95,-5.6833333333333
Q220982,-37.116666666667,-12.283333333333
Q46197,-7.9425,-14.368055555556
Q728665,-1.435278,5.630833
Q749561,0.91666666666667,9.3333333333333
Q536476,13.4307,-6.2663
Q9427,16.773333055556,-2.9994438888889
Q805975,13.900482,-11.456096
Q1006013,11.290555555556,-10.712222222222
Q924833,0,0
Q635394,0,0
Q333476,13.45,-6.2666666666667
Q461298,11.199722222222,-7.0969444444444
Q1440091,16.186367,-13.882657
Q892272,14.347762,-12.470621
Q1052040,15.322177,-16.684776
Q3433004,0,0
Q1471373,14.161389,-16.030833
Q862467,0,0
Q206279,16.47088888888889,-15.711638888888888
Q244347,14.666944444444,-17.398333333333
Q468814,7.1855555555556,1.9880555555556
,0,0
Q3311513,0,0
Q1542478,6.2833333333333,1.8333333333333
Q850031,6.3666666666667,2.0833333333333
Q1018574,6.2288888888889,1.5930555555556
Q43595,6.3666666666667,2.4166666666667
Q3799,6.4833333333333,2.6166666666667
Q1969968,6.35888889,2.09
Q366626,20.5,-10.066666666667
Q12632,17.633333333333,-13.416666666667
Q843903,18.7,-10.2
Q1812976,17.499503,-15.463272
Q1502813,0,0
Q204365,13.8,8.9833333333333
Q506811,9.5,-7.5666666666667
Q582922,5.2,-3.7333333333333
Q2867185,5.135569,-3.290577
Q760741,0,0
Q874317,10.383333333333,-9.3
Q432317,12.083333333333,-0.5
Q1587244,0,0
Q568712,9.933,-9.156
,0,0
,0,0
Q65123867,0,0
,0,0
Q3434028,0,0
Q544630,4.36666667,-7.71666667
,0,0
Q806076,8.11722222,-13.21166667
Q2946676,7.8919444444444,-11.9025
Q6412616,0,0
Q7494263,7.9,-12.93333333
Q722071,5.45,-0.96666667
Q4680636,6.4833333,0.1833333
Q1791839,0,0
,0,0
Q418389,0,0
Q24697413,9.5,-0.25
Q1164302,0,0
,0,0
,0,0
Q1477754,0,0
Q1644002,0,0
,0,0
Q770833,0,0
Q770776,0,0
Q503623,5.55,-0.2167
Q319125,9,-0.66666669
Q1629505,5.716667,10.916667
Q6430319,10.4,5.46666667
Q6382153,8.147346,8.800478
Q5448221,0,0
,0,0
Q1814476,9.18333333,7.18333333
Q17029087,0,0
Q15043630,7.85,9.78333
Q8050352,10.7489,4.77778
Q849623,0,0
Q600524,13.067222222222222,5.247777777777777
Q775550,9.15,10
Q811144,10.315833333333,9.8441666666667
Q1337777,7.615,8.85
Q5637733,12.45,10.04
Q6001098,8.5,4.55
Q182984,12,8.5166666666667
Q937487,12.988888888888889,7.600833333333333
Q6375000,12.2833,10.35
Q121869,0,0
Q147975,11.066666666667,7.7
Q1139762,0,0
Q1796221,0,0
Q7278481,13.116666666667,5.5166666666667
,0,0
Q183298,7.3963888888889,3.9166666666667
Q180084,7.4666666666667,4.5666666666667
Q5995069,0,0
Q1658023,0,0
Q763595,7.6333333333333,4.75
Q849623,0,0
Q171203,6.31667,5.6
Q8673,6.45,3.4
Q2566427,0,0
Q2062030,6.45,3.4
Q585408,9.8,6.15
Q178469,6.45,7.5
Q6412546,4.43333333,7.16666667
,0,0
Q6350012,4.56833333,6.97611111
Q3238928,4.5113888888889,7.54
Q3510576,4.53333,6.28333
Q7082573,4.74,7.083
Q806478,4.737,22.819
Q665219,4.9730555555556,23.931944444444
Q55425392,0,0
Q1472873,0,0
Q1132786,0,0
Q4778463,0,0
Q1479630,-4.7106,11.8378
Q60775599,0,0
Q1796223,0,0
,0,0
Q1768252,-7.3596,25.6784
Q217242,-11.666666666667,27.5
Q3820436,0,0
Q3321385,0,0
,0,0
,0,0
Q209327,0,0
Q473748,0.331944,32.4181
Q538636,-0.613333,30.658333
Q889897,1.4841666666667,31.1325
Q691037,0,0
,0,0
Q2795682,0,0
Q2538511,0,0
Q1112885,-4.05,39.666666666667
Q542168,-2.1,41.05
,0,0
,0,0
,0,0
Q1824726,0,0
,0,0
Q28455505,0,0
Q2500021,-5,31.9167
,0,0
,0,0
,0,0
Q319984,2.29889,45.7989
Q328478,9.027222,38.736944
Q1231992,-0.613007,41.344985
Q448076,11.966666666667,50.75
Q862404,0,0
Q806070,2.0497222222222,45.262222222222
Q485112,8.4,48.5
Q2449,2.0408333333333,45.3425
Q657428,1.715556,44.770278
Q613246,1.1133333333333,44.030277777778
Q1016898,2.3,45.8
Q862518,0,0
Q820972,11.783333333333,42.883333333333
Q844929,11.971667,43.293333
Q2784456,11.6608,37.9578
Q218861,12.6,37.466666666667
Q971375,9,39
Q200127,13.575,39.0875
Q1533914,11,37
Q5372551,0,0
,0,0
Q1462877,7.26666666667,36.2333333333
Q48723590,0,0
Q1759078,7.666667,36.833333
Q500965,7.666667,36.25
Q501684,0,0
Q5618018,0,0
Q5785,19.5,-80.5
Q791787,0,0
Q618643,-11.783,19.913
Q214248,-12.55,13.416666666667
Q1742340,-10.596,40.509
,0,0
,0,0
Q808750,0,0
,0,0
Q3780537,0,0
Q5675285,0,0
Q2753015,0,0
Q2400545,0,0
Q986822,0,0
Q1266775,-19.83,28.16
Q1640913,0,0
,0,0
Q7135313,0,0
,0,0
,0,0
,0,0
,0,0
,0,0
Q600562,-28.515,31.8486
Q46623,-46.773055555556,37.8525
Q2547918,-28.75,24.76666667
Q4530733,-26.95,24.747222
Q1269234,-29.95,24.7333
Q918121,-32.88333333,27.4
Q220167,0,0
Q3110404,-23.0525,29.77
Q729768,-28.2975,31.4217
,0,0
Q5157575,-30.55,29.41666667
Q1029847,-29,26
Q220843,-22.949444444444,14.506944444444
,0,0
Q1071439,-18.933333333333,47.516666666667
Q1344087,-20.3,44.28
,0,0
Q557842,0,0
Q1330558,-13.316666666667,48.25
Q218928,-12.266666666667,49.283333333333
Q1321311,-16.9,49.9
Q234208,-15.892222222222,54.524722222222
Q220601,-21.4825,39.671944444444
Q193089,-22.368333333333,40.363333333333
Q237034,-17.054444444444,42.725
Q236601,-11.55,47.333333333333
Q526568,-25.033333333333,46.983333333333
Q244978,-11.583333333333,43.333333333333
Q17063,-12.843055555556,45.138333333333
Q231324,-12.215,44.425
Q271797,-12.316666666666666,43.733333333333334
Q22248237,-12.6742808,45.1118833
Q208668,-19.716667,63.416667
Q196042,-10.416666666667,56.583333333333
Q511859,-16.583333333333,59.616666666667
Q43448,-6,71.5
Q193802,34.686666666667,-1.9113888888889
Q1538846,27.947777777778,-12.923333333333
Q37102,0,0
Q185157,35.566666666667,-5.3666666666667
Q1184963,35.215,-3.89611111
Q5823,35.886667,-5.3
Q130574,35.183333333333,-2.4333333333333
Q5831,35.2825,-2.9475
Q191146,35.172222222222224,-4.299722222222222
Q2748217,35.905555555556,-2.1013888888889
,0,0
Q3591817,0,0
Q46178,36.6,5
,0,0
Q189546,37.274444444444,9.8738888888889
,0,0
Q165198,32.530316,21.2146
Q192435,32.9,13.183333
Q1474791,0,0
Q1475713,15.6572,32.348
Q867052,13,29.5
Q3125368,14.5,32.6667
,0,0
Q864093,14.366666666667,29.533333333333
Q465490,11.133333333333,29.883333333333
Q536396,12,28.15
Q335518,36.700277777778,45.14
Q274536,37.6,47
Q928828,37.2774,49.589
Q241119,31.3273,48.694
Q158928,28.966666666667,50.833333333333
Q154814,27.2,56.25
Q913355,29.245,50.31
Q620864,36.91666667,34.89555556
Q51614,39,32
Q83274,36.2,36.15
Q6487,36.90812,30.69556
Q406,41.01,28.960277777778
Q15710,29.12527778,45.52111111
,0,0
Q2682087,0,0
,0,0
Q39760,31.416666666667,34.333333333333
Q36755,29.5,33.833333333333
,0,0
Q899,30.705,32.344166666667
Q83210,33,35.75
,0,0
Q377802,34.856111111111,35.858333333333
Q3766,33.513055555556,36.291944444444
Q41183,36.2,37.15
Q200030,35.523611111111,35.791666666667
Q146740,0,0
Q30633791,0,0
Q36678,32,35.4
,0,0
Q2895271,31.947608333333,35.461775
Q2860218,12.3,53.3
Q834486,15.33,48.076
Q1160017,12.65975,43.421092
Q1479724,12.828906,45.028432
Q1752951,13.981388888889,45.573333333333
Q310772,14.533333333333,49.133333333333
Q404774,13.1,45.4667
Q2121850,12.53,44.5
Q6415938,13.69666667,44.73083333
,0,0
Q2121839,13.468,44.656
Q1591062,13.4333,44.6
Q751372,13.6833,44.7167
Q925899,13.6833,44.7167
Q1367119,13.830833333333,45.255555555556
Q1295806,13.216666666667,45.3
Q182279,13.416666666667,45.666666666667
Q2485209,13.4167,45.6667
Q758709,13.54,45.52
Q1897860,14.51,46.5
Q1641428,14.3,46.5
Q2121845,0,0
Q1172593,13.9333,46.0833
Q1897800,13.9667,48.1833
Q65050489,0,0
Q65051443,0,0
Q1296908,17.166666666667,50.25
Q202775,14.58333333,49.08333333
Q1885093,15.8,51.7333
Q74091,28.528205,48.062422
Q852039,24.25,55.783333333333
Q187712,23.5237,53.876953
Q613,25.264444444444,55.311666666667
Q188810,25.35,55.433333
Q2204078,25.0731,56.3578
Q159477,25.4,55.5
Q175021,25.55,55.55
Q170024,25.783333333333,55.95
Q4091,25.133333,56.333333
,0,0
Q167217,25.875833333333,55.036111111111
,0,0
Q521176,17.5,56
,0,0
Q188933,34.56,69.22
Q173808,31,65.5
Q182844,34,62
Q165376,38,71
Q696241,40.528611,70.9425
Q746558,39.774722222222,64.428611111111
Q207319,38,73
Q491106,41.37833333333333,60.36388888888889
Q484245,43.166666666667,58.75
,0,0
,0,0
,0,0
,0,0
Q215664,10,114
Q1355243,23.54645,110.39351
Q284027,45,85
Q170521,39.45,75.983333
Q678658,39.16666667,121.75
Q373023,37.5,122.1
Q11736,39.146666666667,117.20555555556
,0,0
Q5413,33.444166666667,90.936111111111
Q43194,24.5,101.5
Q1506615,21.177277777778,110.41798888889
Q81126,45,125
Q19770,30,103
Q45833,35,96
Q34800,43.8253,87.61379
Q704714,0,0
Q708865,0,0
Q696242,0,0
Q57448,38.46654,106.27056
Q41079,44,113
Q29460,25.745,123.485
Q2591393,0,0
Q490697,34.026388888889,127.3125
Q109079,37.966666666667,126.55
Q156243,40.1,124.4
,0,0
Q331990,38.3,127.27
Q7792,50.5,143
Q959,43.116666666667,131.9
Q816709,51.698,94.39
Q20317,37.241666666667,131.86666666667
Q243634,26.998055555556,142.21805555556
Q1141683,24.766666666667,141.3
Q1047492,24.286666666667,153.98055555556
Q908529,20.416666666667,136.08333333333
Q52051,34.416666666667,129.33333333333
Q40888,11.68,92.77
Q186233,12.5,92.75
Q157286,7.8666666666667,93.5
,0,0
,0,0
Q1361,17.361719,78.475166
Q2571484,0,0
Q859966,28.01,73.3
Q6124144,26.926,75.8235
Q17319155,24.58,73.68
Q6416549,26.57,74.87
Q6503547,26.36666667,75.55
Q6207845,26.4667,73.0333
Q1678784,26.92,70.9
Q1264412,26.7,77.9
Q6368814,26.3,77.23
Q1785349,25.18,75.83
Q806963,23.55,74.45
Q973433,23.83,73.72
,0,0
Q2234705,23.17,74.45
Q4997536,25.44,75.64
Q914031,26.166666666667,75.783333333333
Q175934,24.05,74.8
Q2276431,25.63,74.93
Q1139314,22.302439,70.804825
Q716890,22.7252,75.8655
Q855044,23.25,77.4
Q1207561,22.6,75.3
Q1207105,22.96,76.06
Q18008280,24.9833,80.95
Q1172600,25.68333333,78.46666667
Q176466,24.53,81.3
Q18164343,16,73.75
Q100157,22.383333333333,82.133333333333
Q3258086,28.45,75.82
Q11934705,30.5333,75.9833
Q1541353,30.55,77.3
Q3503368,31.53,76.88
Q1381495,30.38,78.48
Q3628827,24.53,81.3
Q851955,24.854422,79.921427
Q550691,22.42,75.54
Q2512083,27.53,68.74
Q1755548,23.83,73
Q1006355,23.83,78.71
Q1192231,23.84,79.45
Q17509398,20.9167,77.75
Q598803,21,75
Q200235,20,73.783333333333
Q1708155,23.6,72.95
Q1538,18.519574,73.855287
Q237847,17.67152,75.91044
Q1922257,16.983333333333,73.3
Q3636023,16.82442,75.71537
Q150058,8.4333333333333,76.916666666667
Q14491604,21.52,70.47
Q7530545,24.88333333,72.86666667
Q1164,26,93
Q1728782,31.3833,75.3833
Q5105376,0,0
Q1553185,12.4208,75.7397
Q256194,29.69,76.988333333333
Q17315177,21.47,83.97
Q581562,17.683333333333,73.983333333333
Q1557792,26.22,78.17
Q242995,25.44862,78.56962
Q3454186,28.8,79
Q200878,23.166666666667,79.933333333333
Q641904,21.966666666667,80.333333333333
Q1513,21.153888888889,79.083055555556
Q18129046,26.78,82.13
Q889030,24.8167,93.95
Q139948,29.02583333,66.59
Q83618,0,0
Q11739,31.549722222222,74.343611111111
Q1113311,34,71.5
Q37211,24.87,67.05
Q800236,28.8333,71.7167
Q3246260,0,0
Q14957246,36.333,74.666
Q372426,35.4,73.8
Q11317232,35.83777778,71.78388889
Q3243592,0,0
Q2841472,34.364606,72.859433
Q580533,25.126388888889,62.3225
Q200130,33.938083333333,73.764555555556
Q200697,35.35,75.9
Q4233073,26.3008,88.9836
Q7987998,0,0
Q7987998,0,0
Q7987998,0,0
Q7987998,0,0
Q783492,22.9333,97.75
Q18125758,27.6167,97.2833
Q784604,22.95,97.15
Q18128805,22.9333,97.75
Q11028231,22.4,98.0333
Q6745355,22.1667,99.1833
Q5924152,0,0
Q25248195,21.8,96.91666667
Q6452045,0,0
Q6668062,20.65,96.6167
Q769533,20.095,96.789722
,0,0
Q6746014,21.45,96.3667
Q16937734,20.72333333,96.77111111
Q6794457,0,0
Q11938356,0,0
Q775848,20.38305556,98.04
Q642143,0,0
Q25182697,20.95,96.66666667
Q7207854,0,0
Q11955494,0,0
Q18750170,20.65,96.9333
Q18164160,21.23333333,96.86666667
Q675039,0,0
Q7409604,31.57686,96.74038
Q5924160,0,0
Q18125697,0,0
Q6746736,20.62455,97.204242
Q6746318,19.25,97.33333333
Q6746031,0,0
Q6745279,0,0
Q636410,21.2667,97.65
Q675065,21.6,97.5167
Q18128147,20.51666667,97.86666667
Q18127914,0,0
Q6745336,20.7,97.4333
Q6745994,20.55,98.61666667
Q6899434,20.31666667,98.36666667
Q6389182,21.86666667,97.36666667
Q25047819,21.5,98.33333333
Q6383508,22.025,98.01666667
Q770681,21.95,98.1333333333
Q13071989,21.8,98.35
Q1027111,21.291388888889,99.603888888889
Q11926139,24.4333333333,94.7
Q7522813,25.9833,95.6833
Q3319734,23.11666667,96.68333333
Q19459677,27.3167,97.4167
Q18126598,18.5,98
Q6365345,0,0
Q2495624,9.686722,80.100632
Q17252,29.65,91.1
Q233588,18.837219444444,98.970561111111
Q236781,6.8677777777778,101.25
Q9326,17.966666666667,102.6
Q190165,19.893055555556,102.13805555556
Q465947,19.416666666667,103.5
Q334888,14.883,105.866
Q19955896,0,0
Q10828323,0,0
Q1858,21.0245,105.84117
Q274388,16.654612,112.747192
Q188953,4.75,101
Q189710,3.3333333333333,101.5
Q191346,3.75,102.5
Q213893,2.75,102.25
Q847610,2.7297222222222,101.93805555556
Q2219158,2.58333333,102.1
Q3132595,2.7,102.16666667
Q1832744,2.05,102.56
Q2048692,2.9166666666667,102.41666666667
Q3826219,2.6,102.26666667
Q2219146,2.47,102.22
Q183032,1.4872222222222,103.78111111111
Q188947,6.1283333333333,100.36277777778
Q185944,5.25,102
Q213467,6.5,100.25
Q189701,4.75,103
Q214504,5.3,115.22
Q185221,2.2,102.251
Q188096,5.4025,100.365
Q422065,6.0519444444444,121.00194444444
Q6497558,9.83333333,124.16666667
Q124873,7.5,125
Q14164,1.41667,109.33333
Q1823,4.3,96.9
Q5804,3.55,98.85
Q7777,0.9744444444444444,102.01333333333334
Q3112053,0,0
Q11479,-7.645,110.02694444444
Q2051,-1.5833333333333,103.61666666667
Q8131,-2.9833333333333,104.76444444444
Q1794655,0,0
Q14632,-3.16666667,119.75
Q12491027,0,0
Q7564,-8.565,116.351
Q14182,-3.3333333333333,114.58333333333
Q2175,0.53333333333333,101.45
Q5914,1.51667,99.25
Q5837,0.78378,99.25495
Q16972714,1.7325,98.764
Q2110,-5.45,105.26666666667
,0,0
Q3482884,0.76666667,102.06666667
Q14595,-4.53861111,120.32972222
Q14601,-5.33333333,119.66666667
Q14604,-3.348333333333333,120.22111111111111
Q1890,-3.8,102.25
Q11495,-8.2,114.95
Q11499,-8.3,114.66666667
Q31063,-10.49,105.6275
Q36004,-12.1175,96.895
Q172216,-19.090833333333,150.90166666667
Q31057,-29.033333333333,167.94972222222
Q131198,-53.09354,73.516992
Q46650,-54.6,158.86
Q104784,-31.55,159.08333333333
Q133888,-12.258333333333,123.04166666667
Q40285,-5,140
Q4393602,0,0
Q201766,-6.2444444444444,155.38388888889
Q36823,-9.1666666666667,-171.83333333333
Q114935,-29.276944444444,-177.92333333333
Q1427436,-43.918,-176.492
Q41451,-47.75,179.05
Q326951,-50.7,166.1
Q3593036,-52.54,169.145
Q471793,-21.233333333333,-159.78333333333
Q11832316,-10,-161
Q34020,-19.05,-169.91666666667
Q1070802,-19.35,158.66666666667
Q35555,-14.30181,-178.10932
Q7903676,-13.3,-176.2
Q2554877,-14.3,-178.16666666667
Q2734700,-14.316666666667,-178.11666666667
Q337524,-15.25,166.83333333333
Q2763281,-6.24444,155.384
Q271901,-0.85944444444444,169.53694444444
Q31063,-10.49,105.6275
Q127335,3.86,-159.36444444444
Q911037,4.6833333333333,-160.37777777778
Q2618621,-3,-171.4
Q532590,-4.0166666666667,-154.93333333333
Q911028,-5.6416666666667,-155.87777777778
Q976570,-10.1,-152.38333333333
Q741650,-11.43,-151.8192
Q822151,-9.9666666666667,-150.21138888889
Q459763,-12.5,177.08
Q859666,-18.65,-173.983333
Q620452,-21.211388888889,-175.15305555556
Q612098,-19.75,-174.36666666667
Q118920,-17.5,-149.83333333333334
Q172697,-9,-139.5
Q183963,-18,-142
Q504043,-23.14,-134.94
Q514626,-23.37,-149.48
Q42000,-17.666666666667,-149.46666666667
Q161258,10.293888888889,-109.21722222222
Q35672,-25.0677812,-130.1045778
Q1122663,-24.681111111111,-124.78527777778
Q43296,19.3,166.63333333333
Q47863,28.2,-177.35
Q123076,5.8833333333333,-162.08333333333
Q131008,16.75,-169.51666666667
Q130895,6.3833333333333,-162.41666666667
Q131305,0.80666666666667,-176.61638888889
Q46879,0.19472222222222,-176.47944444444
Q62218,-0.36666666666667,-160.01666666667
Q822151,-9.9666666666667,-150.21138888889
Q153732,16.13333333,145.75
Q683,-14,-172
Q178994,-75,102.5
Q129003,-49.25,69.167
Q184319,-66.663055555556,140.00269444444
Q1681727,-37.8,77.533333333333
Q46772,-49.25,69.166666666667
Q201698,-46.388979,51.7053
Q165783,-75,-50
Q1333903,-64.774166666667,-64.053055555556
Q207383,-60.681944,-45.186111
Q140948,-62,-58
Q118223,-57.75,-26.5
Q646243,-75,-49.5
Q3626,-75,-71.5
Q252609,-72,5
Q202780,-68.85,-90.583333333333
Q189999,-72.5,12
Q23408,-54.42222,3.35833
Q203073,-75,-175
Q1376651,0,0
Q1665892,0,0
Q38130,0,0
Q1065,0,0
